,pval,ptot,ols,log2fc_overall,log2fc,log10p,log10t
LPC(15:0),0.4152509708292833,0.2937922337961617,0.41525097082928286,0.2647097545791084,0.06701818713187713,0.3816893435236293,0.5319596886820831
LPC(16:1),0.8265156294281684,0.08091523966354261,0.8265156294281701,0.7265013190923986,-0.2303350271910638,0.0827489294969742,1.0919696751927264
LPC(16:0),0.5865426887785554,0.1566233412640548,0.5865426887785534,0.40777284410222947,-0.0006226723637379195,0.2317003742964591,0.8051435154147611
LPC(17:1),0.96369168459115,0.15146879046041775,0.9636916845911508,0.4933803156563701,-0.22333796900725922,0.01606188839782694,0.8196768425881757
LPC(17:0),0.4786744013949004,0.3131468114007957,0.4786744013948995,0.44760351210506855,-0.030848561964345933,0.31995979714767514,0.5042520061184763
LPC(18:2),0.2830151052931408,0.8300986257034086,0.28301510529314,0.10818136717363913,0.1739475795422294,0.5481903843683282,0.0808703051490473
LPC(18:1),0.6673020584630691,0.23788740702221967,0.6673020584630682,0.39749075420583146,-0.038695665411484725,0.1756775354552781,0.6236285474772997
LPC(18:0),0.7090469930768816,0.3655603886376463,0.7090469930768797,0.21466043783361854,-0.005530737252209761,0.14932498039147446,0.4370408696343157
LPC(19:1),0.5945027596240842,0.1634038705531217,0.5945027596240837,0.5896599717847899,-0.0923761795886795,0.22584612508779553,0.7867376605333828
LPC(19:0),0.5331496354969766,0.9919663845791405,0.5331496354969756,-0.019193148408355842,-0.008957935772859749,0.27315088337453763,0.003503044820767076
LPC(20:4),0.7845412963726264,0.032425596126609446,0.7845412963726277,0.760087685970106,-0.21880578711194687,0.10538419125521675,1.4891120309071926
LPC(20:3),0.6217784309142391,0.18926323635780587,0.621778430914238,0.4143823515984515,-0.042648720817052066,0.2063643474221244,0.7229337378456573
LPC(20:2),0.47357869842206485,0.538157041128093,0.47357869842206385,0.31348847457647544,0.05298119629050113,0.32460784041902296,0.26909097313793906
LPC(20:1),0.37712920298018715,0.6991325069915074,0.37712920298018643,0.1189900728236708,0.36370249689417866,0.4235098367216779,0.15544050436674026
LPC(20:0),0.8712045166181848,0.3870553410422811,0.8712045166181858,-0.4392875749173535,-0.08900551113322086,0.05987988171730688,0.41222693526275567
LPC(22:6),0.29922564730471035,0.08390208350400272,0.2992256473047099,1.0363950276209488,0.3910077738259554,0.5240011848532129,1.0762272543911282
LPC(22:5),0.6060772319389126,0.09544436968986487,0.6060772319389114,0.7427829581664636,-0.027769599073267592,0.2174720305074293,1.0202496857589871
LPC(22:4),0.22071736384487134,0.0867149440349481,0.22071736384487187,0.9264646561484704,-0.49758034809020035,0.6561634995280676,1.0619060518589003
LPC(22:0),0.8939908458612422,0.0003806689553883876,0.8939908458612434,-3.055092761425846,-0.11720249367588442,0.048666928197710194,3.419452539663881
LPC(24:1),0.2812739594600379,0.019806735425979383,0.2812739594600373,-1.548687139953215,0.3309782239692802,0.5508704732606963,1.7031870995910483
LPC(24:0),0.8916994320154387,4.057249448948137e-05,0.8916994320154371,-2.977662754502642,-0.06457701938393123,0.049781509990007605,4.39176829005971
LPC(25:0),0.9760184035974903,3.327540895461991e-05,0.976018403597491,-10.038378001404489,-0.10616412990829116,0.010541993290804595,4.477876598343343
LPC(26:1),0.5967699583571175,0.0002594928085732433,0.5967699583571164,-4.886311003990572,-0.055334025698271505,0.22419304754631134,3.5858746734233624
LPC(26:0),0.6276805065208318,1.2969742846603875e-05,0.6276805065208322,-5.528661010053697,-0.2296177993265598,0.20226135875074647,4.887068634664423
LPC(28:0),0.5209164324271018,6.878567962040094e-05,0.5209164324271024,-10.760661639421055,-0.3023597970842047,0.2832319424332042,4.162501967421215
LPC(O-16:1),0.8107412811840389,0.31269597013661143,0.8107412811840362,0.37675650381421555,-0.012903615375963184,0.0911177130885647,0.504877715682906
LPC(O-16:0),0.5966788482090379,0.26511839722748937,0.5966788482090367,0.5529622573724673,-0.03190503193135985,0.22425935727726173,0.5765601344428479
LPC(O-18:1),0.2579007295288797,0.21260133710560564,0.2579007295288794,0.668117279454985,0.32092752046956985,0.5885474293629592,0.6724340084121568
LPC(O-18:0),0.16156343166949136,0.2433503646010309,0.16156343166949028,0.6073126656307664,0.16740571864091303,0.79165693082208,0.6137679987358756
LPC(O-20:1),0.2014723924937689,0.7159123339257853,0.20147239249376858,0.26163577573565533,0.5162949496180738,0.695784456267539,0.14514015537827377
LPC(O-20:0),0.3336352357185438,0.8871797836408803,0.3336352357185435,-2.5132359089895675,0.20271642353252617,0.47672808911933606,0.05198836310917058
LPC(O-22:1),0.14957576193702665,0.856770633779482,0.14957576193702635,-0.16964393201921535,0.5295355526180912,0.8251387761897206,0.06713542757079748
LPC(O-22:0),0.21743614172862213,0.2675561829955342,0.21743614172862163,-0.7941102049746016,0.2740375283653642,0.6626682668332304,0.5725850083981358
LPC(O-24:2),0.12886279397442385,0.9964602404247216,0.12886279397442377,-0.015421754464994164,0.7175757664097688,0.8898724566112747,0.0015400253213787866
LPC(O-24:1),0.17822485738900018,0.7916843939525922,0.17822485738900004,-0.376861036211964,0.5759112455687365,0.7490317241262369,0.10144791598876443
LPC(O-24:0),0.487400629000101,0.03378035340270109,0.4874006290001009,-1.2659540065169312,0.11767371852845265,0.3121139146853595,1.4713358112469483
LPC(O-26:1),0.22490300075927627,0.19029757947668077,0.22490300075927588,-2.823232998326983,0.5978854339795852,0.648004749968987,0.7205667357624089
LPE(16:0),0.2719971535090914,0.0007349658236092118,0.27199715350909204,0.7378964669127153,-0.23948941902234377,0.5654356408987533,3.133732855423317
LPE(18:2),0.7371560546293925,0.10472587883753708,0.7371560546293923,-0.40721314864584546,0.009762615000220798,0.13244056303629173,0.97994598644355
LPE(18:1),0.6661723542417224,0.648801789114994,0.6661723542417217,0.1278110512117645,0.049627569569861585,0.17641339423474564,0.18788796119872211
LPE(18:0),0.5324444768638248,0.016450063641256053,0.5324444768638256,0.595235333654804,-0.1714978052670304,0.2737256736148274,1.7838324175320701
LPE(20:4),0.19987012389584624,0.24325089260844504,0.19987012389584674,0.340797593454202,-0.31471282984011184,0.699252118322425,0.6139455574143445
LPE(20:3),0.3547369567793539,0.8115123906276526,0.3547369567793542,-0.06004997417739094,-0.21562482047060008,0.4500935640252215,0.09070484473468689
LPE(22:6),0.7878797336161063,0.021336866854052377,0.7878797336161061,0.7764853425169544,-0.04830915298200278,0.10354007059813401,1.6708693528541745
LPE(22:5),0.04244780675570937,0.10341644625126009,0.04244780675570941,0.5149261972368941,-0.6786292952770512,1.3721447444895287,0.9854103901762614
LPE(O-16:1),0.49418122324131486,0.9733387962028589,0.49418122324131675,0.006671530262539971,-0.0736310029195173,0.3061137599408267,0.01173596578415598
LPE(O-18:2),0.9200993716922649,0.5857193553760021,0.9200993716922629,-0.06973793508214032,0.11619233242829852,0.0361652658641769,0.23231042426621396
LPE(O-18:1),0.03680988222962497,0.5586123926606819,0.03680988222962522,-0.19110105378942532,-0.20354605719676266,1.4340355720427609,0.25288943382575846
LPA(16:0),0.23140119464640843,0.00045103830879683577,0.23140119464640768,2.1406487691777416,0.37323324786375167,0.6356344032623862,3.345786569890305
LPA(18:2),0.3801166137359176,9.588539149843578e-05,0.3801166137359162,1.6665792883759876,0.16616204102379495,0.4200831482970484,4.018247554194192
LPA(18:1),0.42568995009194593,6.394291966980618e-06,0.42568995009194466,2.038175030931159,0.2504956704244164,0.370906602750118,5.194207537480398
LPA(20:4),0.3244222012728175,0.00033959047863913963,0.32442220127281873,2.550345486026273,-0.15809576897563332,0.4888894332514016,3.469044494907621
S1P(17:1),0.9753239211043169,0.03992541695531608,0.9753239211043233,0.07115764113426337,-0.0010328753046611183,0.010851124009161921,1.3987505396742028
S1P(18:2),0.6325672640154467,0.31864706526642367,0.6325672640154474,-2.123669937418286,-0.2133877231901451,0.1988932870097968,0.49669007700984036
S1P(18:1),0.6258056442307832,0.058815897982533685,0.625805644230782,-0.39829784660693557,-0.004483253202415938,0.20356052420799492,1.2305052679226618
S1P(18:0),0.6106981036188521,0.00020704553907598027,0.6106981036188508,-3.1606083007257233,-0.021520948304374787,0.2141734286027046,3.6839341222036537
S1P(17:0) [M+OOH]+,0.39260578737124713,3.7727881508698314e-06,0.3926057873712454,0.6828814071847371,0.04610615178394001,0.40604330278779005,5.423337580563993
CE(16:2) ,0.6639726773841556,0.17033862461767318,0.6639726773841561,-4.24633219429148,-0.5314858249675298,0.17784979157390196,0.768686863744054
CE(16:1) ,0.0811774702246539,0.18277735130160552,0.08117747022465405,0.6663479454226557,-0.8606635631635946,1.090564486950641,0.7380776204956899
CE(16:0) ,0.4258746781717379,0.9442574866466505,0.4258746781717387,-0.06738562503283774,-0.19204219412581125,0.3707181816149465,0.024909563136456755
CE(17:0) ,0.06674762045154257,0.7627958926617635,0.06674762045154264,-0.2548447901264712,-0.7882442327119428,1.1755642122582939,0.11759165411467108
CE(18:4) ,0.189408590054055,0.2711655816919641,0.1894085900540551,-1.3050303612044516,-1.2110711973016066,0.7226003287726677,0.5667654351215322
CE(18:3) ,0.16004023492206504,0.11740681053337926,0.16004023492206548,-0.8461035177037584,-0.6339980420771436,0.7957708197944048,0.9303067098066632
CE(18:2) ,0.22507530210353752,0.16307139948201946,0.22507530210353832,-0.3123585234881787,-0.3357430021211911,0.6476721582585945,0.7876222016593973
CE(18:1) ,0.1447131381785198,0.4072492048226778,0.1447131381785201,-0.2182080872831662,-0.41691700393760556,0.8394920384772618,0.3901397550033949
CE(18:0) ,0.12953812114001131,0.25218058282489636,0.1295381211400114,-0.6529607950963268,-0.48199617292117836,0.8876024063746293,0.5982883558939556
CE(19:3) ,0.11538729681133655,0.25361557925715017,0.11538729681133685,-0.30978680620942,-0.6026782208311534,0.9378420007852432,0.5958240718565683
CE(19:2) ,0.1767975489116281,0.02435257543054061,0.17679754891162824,-0.5677449498828029,-0.5104459825292551,0.7525237602592212,1.6134551027809096
CE(19:1) ,0.10444290230226667,0.1508810066275092,0.10444290230226674,-0.2999826840595432,-0.5440709185721602,0.9811210683279704,0.8213654271298497
CE(19:0) ,0.08309536427878918,0.2707378809160839,0.0830953642787893,-0.37784843265179013,-0.4338401667701852,1.0804232039451132,0.5674509746622676
CE(20:5) ,0.7055219934194517,0.22228574909916826,0.705521993419451,-0.9953489157389424,-0.4494853264271761,0.15148944332447828,0.6530883793432163
CE(20:4) ,0.10066502022254634,0.8450341083002494,0.10066502022254648,-0.07629133145887579,-0.471099450482086,0.9971214148828133,0.0731257611714553
CE(20:3) ,0.22684420021643228,0.6362388309534655,0.22684420021643278,-0.3973649724887309,-0.3911315604010106,0.6442723199738913,0.19637982854179226
CE(20:2) ,0.23359545838010382,0.2958457960041478,0.23359545838010426,-0.3706044536102304,-0.3473462359083772,0.6315356051368369,0.5289345977074786
CE(20:1) ,0.16765829243126,0.12555147782742962,0.1676582924312606,-0.5161410623952314,-0.4524508789567214,0.7755749613638567,0.9011781709755862
CE(21:5) ,0.9484951914925516,0.03786911150026723,0.9484951914925526,-0.727175181627473,-0.4329107818679141,0.02296486647647256,1.4217148843446556
CE(21:4) ,0.10087455129257089,0.27009770493780005,0.10087455129257111,-0.19217429609300218,-0.6044275967109733,0.9962183840824517,0.5684791060646177
CE(21:3) ,0.4235307274180463,0.044127358989527944,0.42353072741804704,-2.2943061610972375,-0.28110681567321016,0.3731150758551065,1.3552920641820185
CE(21:0) ,0.12465960293297436,0.13978912111232003,0.12465960293297457,-0.4372126184452547,-0.4052646488325795,0.9042742607609848,0.8545266256198659
CE(22:6) ,0.6380732978572574,0.662534249899458,0.6380732978572565,-0.15970891746500904,0.10780542200195242,0.195129429387783,0.1787916658321178
CE(22:5) ,0.09759760085467063,0.5852538276100352,0.0975976008546708,0.08323436450254462,-0.49942148499383165,1.0105608580339656,0.23265573729903335
CE(22:3) ,0.346139883832444,0.9370984691938863,0.34613988383244476,-0.20248997475911956,-0.3350979323767511,0.4607483564111956,0.028214771566186046
CE(24:6) ,0.3187789955367932,0.9556473478436995,0.3187789955367938,-0.13101459598174614,-0.3543105790097192,0.4965103021535584,0.01970234113454722
CE(24:5) ,0.49126550452238704,0.31526366592432925,0.4912655045223875,-0.6356078885309611,-0.17988883881317097,0.3086837299045377,0.5013260787219239
CE(24:4) ,0.19683872053399262,0.7159521203074634,0.19683872053399287,-0.21656151965140413,-0.4734843882684219,0.705889466574518,0.14511602040380603
CE(24:3) ,0.15185236041290176,0.40894224175814864,0.15185236041290207,-2.3958048711085134,-0.42122349772572765,0.8185784529631611,0.38833802660647704
CE(24:2) ,0.43300414978766427,0.09645247335850744,0.43300414978766455,-0.6347167304227872,-0.21411999548424543,0.36350794147285254,1.0156866311390302
CE(24:1) ,0.8701714563640746,0.001953965854385715,0.8701714563640734,-1.4420127765464974,-0.11724454996186218,0.060395166672913454,2.7090830298605595
CE(24:0) ,0.3017198538602834,0.0008149205088177824,0.3017198538602838,-2.7957119047171175,-0.374555992506278,0.5203961113090297,3.0888847523219742
CE(26:5) ,0.2116259116485851,0.9053485020440866,0.2116259116485856,-0.4329909617122061,-0.5379975706335314,0.6744311580119055,0.04318421263970662
CE(26:4) ,0.0949186775149326,0.8933648604775579,0.0949186775149328,-0.30171958957647504,-0.4625654255521967,1.0226483213603907,0.048971134023151265
CE(26:3) ,0.1717103773128269,0.024140899210503997,0.1717103773128272,-0.7704057665928543,-0.3844385430573203,0.7652034574686088,1.6172465571513996
CE(26:2) ,0.5103713055799902,0.00017761009201078005,0.5103713055799912,-1.215635331955756,-0.22027495543216435,0.29211375078098406,3.750532360741709
CE(26:1) ,0.7324624551563477,0.00032032172006857094,0.7324624551563488,-1.4992560203959506,-0.21793086608043932,0.13521463163776046,3.494413612113228
PC(30:1),0.30896445681759166,0.7302278910920741,0.30896445681759177,0.11161367809795397,-0.6969592635828235,0.5100914788141415,0.13654158316929363
PC(30:0),0.8898576338456566,0.5781904873949057,0.8898576338456576,-0.15878136036180468,-0.3319458892939453,0.05067946951340149,0.2379290577810396
PC(31:0),0.4212028293681928,0.417261823896406,0.42120282936819364,0.2837138899742748,-0.3585637143759737,0.3755087201673053,0.3795913479256304
PC(32:2),0.8448771264931938,0.7145474281301232,0.8448771264931931,-0.3205435482977963,0.3137359520112808,0.07320644746000807,0.1459689395929619
PC(32:1),0.376883562645222,0.0430432276599491,0.376883562645222,0.9469921696762649,-0.0871456626687479,0.4237928034051233,1.366095169907938
PC(32:0),0.24971645493266853,0.036039701624961874,0.24971645493266909,0.5744142301936703,-0.5864705695483723,0.6025528391023868,1.4432188132304054
PC(33:2),0.3194958308200939,0.10684864233770977,0.31949583082009225,-0.5416939880498202,0.13072769633419234,0.49553480468442623,0.9712309917871081
PC(33:1),0.002583181573234748,0.3132623048015469,0.002583181573234752,0.20758086313206103,-0.4573037526590342,2.5878450659589234,0.5040918611080878
PC(33:0),0.15582877564954656,0.4321922617052436,0.15582877564954697,0.14772518785595956,-0.4409419041906828,0.8073523415808478,0.36432301331765043
PC(34:4),0.9943049188234906,0.7318268287569317,0.9943049188234911,-0.34807561692322553,-0.06386336498876943,0.0024804121264443437,0.13559167333053213
PC(34:3),0.4402688429243596,0.7672617505183087,0.44026884292436114,-0.00033622741258199085,-0.1037440635375706,0.3562820477333126,0.11505645167921774
PC(34:2),0.2551328248491745,0.6494871157791314,0.2551328248491733,-0.07653549096082912,0.09243007920203894,0.5932336623867779,0.18742945983579917
PC(34:1),0.027708064226726347,0.9825211453240442,0.02770806422672648,-2.5042576156850718,-0.4571521883805012,1.5573938143483028,0.00765809418537986
PC(35:2),0.6956380651503363,0.9490350127004238,0.6956380651503373,0.07948377156650377,-0.2379420880229821,0.15761666152781253,0.022717764872925126
PC(34:2) [M+OH]+,0.48376106776482974,0.03292095233742437,0.48376106776483074,-0.5208328529634771,-0.17928131887251997,0.31536908581963213,1.4825276100057574
PC(35:1),0.8745506003430855,0.07707789361015832,0.8745506003430843,0.4711676197526078,0.31848774419955106,0.058215057753015435,1.1130701622831212
PC(36:6),0.35499936655327236,0.6306042979414366,0.3549993665532716,-2.565486583070666,0.31086857786213207,0.44977242188198713,0.2002430736041488
PC(36:5),0.9435407342453693,0.6731227642654927,0.9435407342453703,0.048380213988119536,-0.31502917306448097,0.025239345868827128,0.17190572183708458
PC(36:4),0.03792179682639028,0.04888059745838366,0.03792179682639033,0.3424521126941986,-0.3923961193049461,1.4211110929242017,1.3108634944329849
PC(36:3),0.6390340601180347,0.586918448764682,0.6390340601180367,-0.13247293711003216,-0.01942371657463582,0.19447599359887216,0.23142223897718603
PC(36:2),0.3054162536848577,0.2699591260478187,0.30541625368485825,-0.13280474354239047,-0.41615720247094323,0.5151078543201655,0.5687019864916212
PC(36:1),0.05151523171162222,0.6065230727857158,0.051515231711622325,-0.10007778986804361,-0.4184274579198046,1.288064342410025,0.21715267345705694
PC(37:4),0.36481864164419375,0.10231563734539686,0.36481864164419403,0.36420201681262565,-0.31912953214278694,0.43792297802904334,0.9900579860940404
PC(37:3),0.9473849262545467,0.36316583349310916,0.9473849262545478,0.15479551119262114,-0.044158695739564546,0.023473529568534584,0.43989501649285445
PC(37:2),0.8544140118764616,0.1362498058374309,0.8544140118764586,-0.20351825794588851,0.020159772415727417,0.06833163808854006,0.8656641079415397
PC(38:7),0.6786268405890339,0.962106228549689,0.678626840589033,-1.5665420238559165,0.04173667778532231,0.16836896743009047,0.016776973777212385
PC(38:6),0.6469027365516666,0.10799939147398802,0.6469027365516651,0.4317886771887789,0.07394316145242286,0.1891610116871906,0.9665786915522507
PC(38:5),0.19938605607192145,0.3222048730063166,0.19938605607192186,0.23117643307609548,-0.42931277001676804,0.7003052170512876,0.49186789562459104
PC(38:4),0.07639635361234551,0.0876042662092091,0.07639635361234565,0.2683165900162141,-0.3715527820944686,1.1169273697466828,1.0574747437633893
PC(38:3),0.22766838659488214,0.9953766771894436,0.2276683865948826,-0.15901803287965777,-0.19391994980885308,0.6426972701339785,0.0020125394877087963
PC(38:2),0.5990169304097042,0.02159873404885809,0.5990169304097058,-0.3672051818911175,-0.13167944918291496,0.2225609026864789,1.6655717030947803
PC(38:1),0.49197597039672614,0.12621968552915025,0.49197597039672514,-0.3450783551294565,0.35616180338340087,0.30805610897849567,0.8988729061856838
PC(39:6),0.6045535243411027,0.0976276299551292,0.6045535243411019,0.5213695126271727,0.21476009333192714,0.21856524269908723,1.0104272536563508
PC(39:5),0.2663835684861608,0.09663842529141431,0.2663835684861615,0.406467668847617,-0.3528056932142043,0.5744925675493192,1.0148501554284615
PC(39:4),0.1370592896496648,0.1305779309940725,0.13705928964966513,0.2562632184656435,-0.34752377644327725,0.8630915233724855,0.884130217068484
PC(40:8),0.4275851259912161,0.5800606577064744,0.42758512599121756,-0.1586931348679954,-0.1678226440450068,0.3689774106014521,0.23652658931674966
PC(40:7),0.742174542055275,0.5398448508585723,0.7421745420552739,0.24657309008312112,0.05174151229399726,0.12949394682708645,0.26773103665386644
PC(40:6),0.6080024891130436,0.047878452782366895,0.6080024891130421,0.532029784989116,0.09464606367949102,0.2160946427571222,1.3198598924957319
PC(40:5),0.11810439979964968,0.17499560280079543,0.11810439979965019,0.2595515587842758,-0.22993658427118202,0.9277339231052256,0.7569728639042363
PC(40:4),0.015572863409227151,0.6290192288875249,0.01557286340922719,0.06999869279442805,-0.3988552957548128,1.8076315256148112,0.2013360781284983
PC(40:3),0.6768620742870841,0.04427432157224686,0.6768620742870854,-0.4943303982190219,-0.05627633172689417,0.16949981946645815,1.3538480849021328
PC(40:2),0.6122484389094134,0.0003224063057653929,0.6122484389094125,-4.724847765307349,0.2237697918118624,0.21307231355137707,3.491596472659958
PC(42:10),0.8663567090275162,0.6833952798367735,0.8663567090275184,0.12493392743133969,-0.1492322303943321,0.06230325709856294,0.16532802516839784
PC(42:9),0.34020097543233924,0.8239948342794352,0.34020097543234057,-1.5787771993178077,-0.28330314141138047,0.46826444550218266,0.08407551093755476
PC(42:8),0.08378470290878533,0.952988079588413,0.08378470290878563,-0.06847994789001821,-0.36099533793274907,1.076835265960821,0.02091253168208498
PC(42:7),0.44274655213833924,0.9565470128625854,0.44274655213833836,0.13531421684490308,0.2463515969695773,0.3538448121664004,0.019293680184465783
PC(42:6),0.15917566663455499,0.9019481648136125,0.15917566663455532,-0.13179860131398025,-0.3169839566057946,0.7981233226162964,0.04481842075327074
PC(42:5),0.6239528611651726,0.5605944990634306,0.6239528611651708,-0.16446016061024293,0.08512662156898743,0.20484821946685675,0.2513511681492588
PC(42:4),0.22624594812184523,0.0009331723000015351,0.22624594812184567,-2.224083273935879,-0.3772458650594126,0.6454191899087539,3.0300381611502814
PC(42:2),0.9043430923147668,1.212366965210043e-06,0.904343092314765,-6.596158895624638,0.006388674997771737,0.04366677435771537,5.916365905876215
PC(44:5),0.7911355624272047,2.560950082419442e-05,0.7911355624272063,-2.9655550780360613,-0.18994745358733356,0.10174909302606686,4.591598886639367
PC(44:4),0.12319366888085763,2.5865662574184303e-06,0.12319366888085793,-4.568121800328331,-0.5100898227107149,0.9094116106842475,5.587276392235508
PC(44:3),0.9481838700214451,2.7417235599621138e-06,0.9481838700214468,-10.071532672405949,-0.11897254705809968,0.023107436931281974,5.561976335992639
PC(44:2),0.4510094067872873,3.295857073281124e-06,0.4510094067872881,-10.958964543188074,-0.1501828484227581,0.34581439986659174,5.482031629994098
PC(46:5),0.22013662678638374,9.292329902034562e-07,0.22013662678638443,-7.937521274773375,-0.41733515455587034,0.6573076926223046,6.031875380007205
PC(46:4),0.05595929569026185,5.976102194641357e-06,0.055959295690261986,-11.745993286146687,-0.6969860629748774,1.2521277602230572,5.223581984454148
PC(O-32:2),0.3512023236447129,0.2580008624802392,0.3512023236447137,0.21373273344246324,-0.23143969091689276,0.45444261935267105,0.5883788422159073
PC(O-32:0),0.5196167762021606,0.3315561876934663,0.5196167762021615,0.15570613824062196,-0.1252048713413645,0.2843168358622689,0.4794428626213671
PC(O-34:2),0.10947860874847708,0.1733990145250286,0.10947860874847776,-0.2624305088265544,-0.2440512500208536,0.9606707302306616,0.7609533750694873
PC(O-34:1),0.8396988671724288,0.08514939697184375,0.8396988671724301,0.726548530633849,-0.2636885285544732,0.07587643271520529,1.0698184233646573
PC(O-36:6),0.3034377301133364,0.7282687352617627,0.30343773011333697,-0.10338339726259616,-0.6472552256319486,0.5179304190626469,0.1377083340039143
PC(O-36:5),0.0035310358668013933,0.17202428036546896,0.0035310358668014033,0.2946013902765623,-0.5995656282811375,2.4520978710308374,0.7644102502754053
PC(O-36:4),0.05696888025073737,0.5516265244447518,0.05696888025073753,0.1249121832576412,-0.38656381172421383,1.2443623167150784,0.2583548593507264
PC(O-36:3),0.27180172856055584,0.1985215673964851,0.271801728560554,-0.28473933064923695,0.1741077265727995,0.5657477856391244,0.7021923045559292
PC(O-36:2),0.9744053537404701,0.7938963628430108,0.9744053537404682,-0.12413981427959797,0.1035851547913964,0.011260338531441838,0.10023618772790086
PC(O-34:2) [M+OOH]+,0.4237882042735076,0.17339141747683956,0.42378820427350755,-0.4200697733287375,-0.40361645619119235,0.3728511356153595,0.7609724030229907
PC(O-37:5),0.013433455184215206,0.8716834623891074,0.013433455184215244,0.234820453431265,-1.1312351402366616,1.8718122692044386,0.05964119338715168
PC(O-38:7),0.6767519499703167,0.28547423747216416,0.6767519499703178,0.3136483962257648,-0.05642953536848738,0.16957048419413367,0.5444330784111843
PC(O-38:6),0.8503117750235233,0.24130978611069479,0.8503117750235248,0.24207474679884022,-0.022922289433893184,0.07042180681980144,0.6174250652951336
PC(O-38:5),0.23487649801377727,0.06491388378494413,0.23487649801377825,0.4577847734752565,-0.16807017574839023,0.6291604370051269,1.1876624063378105
PC(O-38:4),0.29436843671105306,0.4185606134651867,0.29436843671105406,0.15986911896642297,-0.16611576937478034,0.531108758523034,0.3782416411657796
PC(O-38:3),0.7232469229217191,0.12119381042749498,0.7232469229217162,-0.4446558764783979,0.053644684299131384,0.14071340539648217,0.9165195597557552
PC(O-38:2),0.36000314992581034,0.39541185910687204,0.3600031499258096,-0.29122168107723945,0.2924831090446187,0.443693699262121,0.40295030956094025
PC(O-40:8),0.9917494192907091,0.27196313367675173,0.9917494192907104,0.3336890315803913,0.05031365251177622,0.0035980451506754394,0.565489963340401
PC(O-40:7),0.9756252935024925,0.014878181487992184,0.9756252935024945,0.7334493336234997,-0.025532377463530764,0.010716948942392614,1.8274501479563903
PC(O-40:6),0.9727021068314723,0.020646750065550785,0.9727021068314702,0.4937020437930233,0.01827414943474981,0.01202014346008718,1.6851482994398364
PC(O-40:5),0.4229309304346389,0.16387017869139792,0.4229309304346401,0.23003354443789537,-0.09463284963540453,0.37373055220028284,0.7855000727146649
PC(O-40:4),0.6453932378776761,0.8376304320585743,0.6453932378776774,-0.10500595397730805,-0.13037536430668517,0.1901755892385844,0.07694755263410405
PC(O-40:3),0.2052027368329012,0.008912749947477042,0.20520273683290072,-0.6997662550434351,0.2673411645371533,0.687816851242967,2.049988277696831
PC(O-40:2),0.05680979648986039,0.04301283999312173,0.056809796489860155,-0.7950272312086993,0.4243844218305022,1.2455767664961783,1.3664018814956151
PC(O-40:1),0.39194043048794236,0.16230035369098414,0.3919404304879416,-2.4210872024506522,0.2006015623345898,0.40677993470472484,0.7896805337420039
PC(O-42:8),0.2051613750789674,0.25483732326443653,0.20516137507896715,0.29486758150131664,0.3344038042215858,0.6879043987698324,0.5937369652663026
PC(O-42:7),0.3469932663534572,0.5534706553679127,0.3469932663534565,0.14314899540791926,0.21618323579793852,0.4596789529149226,0.2569054001685062
PC(O-42:6),0.5198060182015898,0.8617927148247728,0.5198060182015882,0.004682652037145019,0.0893573325182313,0.2841586966383708,0.06459718154583381
PC(O-42:5),0.8193990823446545,0.557607850568101,0.8193990823446526,-0.26315547600034783,0.02154651416363862,0.08650452675446056,0.25367112042940665
PC(O-42:4),0.8415260903657183,0.01539605320921586,0.8415260903657213,-0.8694820975458311,-0.04337902754595557,0.074932414772874,1.8125905966402616
PC(O-42:3),0.2056085706386306,0.05069320888853494,0.2056085706386302,-0.933935414825898,0.3898962034244917,0.6869587860605925,1.2950502169936984
PC(O-42:2),0.34938170803790647,0.20779912910924556,0.3493817080379058,-0.9964265768946856,0.222096143203399,0.4566998363483779,0.6823562769128239
PC(O-43:5),0.6565712651120843,0.18848704112872341,0.6565712651120869,-1.9297438511984817,-0.10234144690650888,0.1827181281195281,0.7247185030695932
PC(O-43:4),0.059287353604681035,1.625542191400924e-06,0.059287353604681216,-3.469302133608633,-0.2952235873673019,1.227037934720552,5.789001753787167
PC(O-44:8),0.23929286096144836,0.31013668001294725,0.23929286096144806,0.22184653790939635,0.275520716179648,0.6210702578901054,0.5084468665096522
PC(O-44:7),0.2611981839895552,0.8995898761865107,0.26119818398955463,-0.052334081554880285,0.2706579322854479,0.583029846868851,0.04595544067646107
PC(O-44:6),0.3486951374263387,0.6325703573869847,0.34869513742633784,-0.24881026798065076,0.2037489718537291,0.4575541088432188,0.19889116323422218
PC(O-44:5),0.4302484685989062,0.604136291353725,0.430248468598905,-0.5421263809564341,0.12395493896860188,0.3662806667998867,0.21886507477995776
PC(O-44:4),0.7255774480952439,0.003257471092921663,0.7255774480952417,-1.5319953409444378,0.04554963627666675,0.13931622418390138,2.4871194295648213
PC(O-44:3),0.2256911953884035,0.0179518487568979,0.2256911953884031,-2.1808088979655422,0.47796523145250014,0.6464853831854953,1.7458908193099263
PC(O-46:9),0.29589396743513163,0.39821246559600587,0.2958939674351311,0.24834263386784083,0.30964356183403735,0.5288638889669124,0.39988514899263095
PC(O-46:8),0.1474290273771186,0.5074455933522459,0.14742902737711838,0.1548297114628272,0.36688827305548166,0.8314169995937783,0.29461051454487475
PC(O-46:7),0.21017866818579078,0.8548330604934776,0.2101786681857902,-0.22093120177866732,0.45474921336883023,0.6774113642322186,0.06811868993305407
PC(O-46:6),0.357135997731817,0.24350044893569192,0.35713599773181604,-0.659661196588265,0.22772006423593139,0.4471663726345412,0.6135002337507267
PC(O-46:5),0.45377319735889426,0.11359420151913585,0.4537731973588932,-1.306546265876994,0.16104549249391065,0.34316115980167344,0.9446438368689641
PC(O-48:7),0.22323926348887374,0.13531420576339304,0.2232392634888734,-1.609900030161477,0.6604596408208068,0.6512294189776565,0.8686566072398173
PS(35:1),0.6529599139134996,0.7561039738532378,0.6529599139134992,-0.3330992710032481,0.06700517513794679,0.18511347982836152,0.12141847941166273
PS(35:0),0.08861632388665755,0.07782458821266246,0.08861632388665762,0.6161602969232183,-0.5420497870043857,1.052486269976417,1.1088831685888014
PS(36:1),0.5572221130761424,0.032529545517419226,0.5572221130761448,-1.6542812659657904,-0.05035484991215533,0.2539716571504659,1.4877220043681856
PS(36:0),0.26734450666350756,0.7048597360298763,0.26734450666350784,-1.1686599903688015,-0.328889146687696,0.572928735260055,0.1518972970920435
PS(37:2),0.940369837975937,0.6075222343124886,0.9403698379759382,-0.320244046137403,0.0032594867368933578,0.026701309162886662,0.21643782297653194
PS(37:1),0.9121687392934983,0.4325668859772315,0.9121687392935007,-0.29217543949425817,-0.03068155184060295,0.03992481543751344,0.3639467298987925
PS(37:0),0.013819401040963552,0.3758535920616991,0.01381940104096359,0.16831010810885338,-0.37909098788478524,1.8595107796999883,0.4249812948122722
PS(38:4),0.992654566877247,0.0001520630719142422,0.9926545668772463,-3.596982760637876,-0.036122745784448185,0.0032018550279547717,3.817976240326126
PS(38:1),0.9646642140332213,0.3079611907771003,0.9646642140332201,-0.21477052671454988,-0.01482675715003623,0.01562383211756172,0.5115040097765581
PS(38:0),0.085529282988746,0.615487487576668,0.08552928298874628,0.06570858734614493,-0.3206996277845797,1.0678851687441304,0.2107807715411838
PS(39:4),0.88758004903529,0.6760588316532341,0.8875800490352912,-0.12924387482223576,-0.341178380752833,0.05179246837250175,0.1700155094568589
PS(39:3),0.10378540028485338,0.6035047477354412,0.10378540028485342,0.053995430731889726,-0.4139834460353349,0.9838637353283686,0.21931930898470467
PS(39:2),0.12005397525053833,0.7677150840657333,0.12005397525053896,-0.3157630770319795,-0.16386249757890425,0.9206234549256567,0.11479992629147708
PS(39:1),0.24825140686055241,0.1457747400063913,0.24825140686055314,-0.4659958687716905,-0.17910262136870259,0.6051082816440879,0.8363177244834248
PS(39:0),0.08451518564504391,0.5018213731858086,0.08451518564504415,-0.26902583295832905,-0.3557332895221341,1.0730652502300193,0.2994508454945386
PS(40:3),0.13621824669755012,0.48539764204600855,0.13621824669755034,0.12233182741984461,-0.481424087507178,0.8657647139409411,0.31390233770514375
PS(40:2),0.4275781583686631,0.4838910244646776,0.42757815836866375,-0.4803825153878445,-0.23595374387255053,0.3689844876125497,0.3152524334020477
PS(41:6),0.6857107587709902,0.7436523151213792,0.6857107587709887,-0.4435330706730456,-0.03724779462056116,0.163859036420264,0.1286300656869237
PS(41:5),0.37646641574176537,0.3212568794236042,0.3764664157417645,0.241456939949666,0.12736807541643635,0.42427376078755447,0.49314756354011874
PS(41:4),0.11914464897947855,0.9132320226376007,0.11914464897947881,-0.10381830433157546,-0.37818448416511874,0.9239254578988941,0.03941886830425855
PS(41:3),0.08930578062112775,0.849523085111533,0.08930578062112782,-0.03677804396975759,-0.4203130893396416,1.0491204290106033,0.07082481502880143
PS(41:2),0.10951612491693681,0.678108642997671,0.10951612491693705,-0.4206146214736348,-0.32494589304005217,0.9605219315373698,0.16870072018238536
PS(41:1),0.45068335068099086,0.007567617128947003,0.45068335068099163,-0.7538630646656475,-0.15134280498731378,0.3461284855077473,2.121040848460363
PS(40:4) [M+OOH]-,0.3069115834990031,0.9816176848790648,0.3069115834990028,0.175578582061946,0.6700298769366109,0.5129867200570557,0.008057625936915185
PS(40:3) [M+OOH]-,0.16214372030366583,0.3528456229019977,0.16214372030366564,-0.6936093097827052,0.4610920910932048,0.7900998665425171,0.45241526567862117
PS(43:7),0.3833566426935884,0.4014730693709,0.38335664269358966,-1.327219962840244,-0.2512237922216958,0.41639700701273946,0.39634358168263223
PS(43:6),0.627940289380408,0.9061975199166066,0.627940289380407,-0.03835435036896939,0.03989653392936354,0.202081651207856,0.04277713073331314
PS(43:5),0.6606098220286638,0.3241149117854153,0.6606098220286623,0.2450962666646772,0.01991410145850736,0.18005497345244822,0.4893009876128271
PS(43:4),0.086583119593803,0.7610044417680711,0.08658311959380323,-0.0719362139742925,-0.38718323113597997,1.0625667705906956,0.11861280836775363
PS(43:3),0.03493817523044549,0.9687301432563211,0.03493817523044552,-0.1624539778484282,-0.6398612070459699,1.4566997813234122,0.013797186434113774
PE(34:2),0.39827820718234186,0.008523663376809975,0.39827820718234247,1.1095451843171507,-0.21185092784301052,0.3998134564814242,2.0693737101169942
PE(34:1),0.2709806703381182,0.015583895783094255,0.27098067033811807,1.2469788530026213,-0.32391848601620277,0.5670616872248341,1.807323964789024
PE(36:4),0.18490093855969778,0.0003306703571671196,0.18490093855969805,1.177552628776902,-0.35571671826281026,0.7330608843504908,3.4806047355240377
PE(36:3),0.4330350708828159,0.15925259053013635,0.4330350708828159,0.6337909125358228,0.19326304311273823,0.3634769293415681,0.7979134943534103
PE(36:2),0.8391469962811996,0.13190195152257708,0.8391469962812007,0.6029019187672411,0.016386877286405088,0.07616195564096534,0.8797487789099141
PE(36:1),0.8435165120376823,0.1833736235183236,0.8435165120376821,0.6285046924749551,0.07514234193765112,0.07390641157318192,0.7366631331385186
PE(38:6),0.4523804219981693,0.0009621418714900194,0.4523804219981702,1.603039346504211,-0.05115809066452304,0.34449619862312114,3.0167608848619567
PE(38:5),0.2785009762451604,0.007282930111953987,0.278500976245161,0.9323798567324042,-0.2299777471456501,0.5551732781306722,2.1376938575781153
PE(38:4),0.3092492629987088,0.01140447433183018,0.3092492629987089,0.9339144885269279,-0.19302506871108438,0.5096913267060376,1.9429247279276043
PE(38:3),0.25521798751428976,0.15965522752963782,0.25521798751428987,0.5318165077826538,-0.2678742060563346,0.59308872022162,0.7968168569547417
PE(40:6),0.5070868623484375,0.0024451333003106097,0.5070868623484379,1.5568876036784256,-0.029178125521856835,0.29491764104646495,2.611697459644132
PE(40:4),0.30274844176783267,0.5156316925874787,0.30274844176783283,0.17015789543977067,-0.4253431091056481,0.5189180834726834,0.2876603971897352
PE(O-34:3),0.32890263087144256,0.010165277046786667,0.3289026308714438,-0.7423103881145843,-0.2254445219282779,0.48293265260922613,1.9928807805034585
PE(O-34:2),0.06805368724657739,0.003143729014621354,0.06805368724657757,-0.6103853068958833,-0.3278626991589211,1.1671483391239905,2.502554896642404
PE(O-34:1),0.0827218646819572,0.01297606249397623,0.08272186468195782,-0.7906749431077924,-0.18832456478630766,1.0823796844537459,1.8868570715235116
PE(O-35:3),0.13258380510717716,0.020852664026710495,0.1325838051071774,-1.6883031244181081,-0.58483730843032,0.8775095210453233,1.6808384539663614
PE(O-36:6),0.8650529397830358,0.5222924666729183,0.865052939783037,-0.5652194861774702,-0.21744929659466194,0.06295731363101,0.28208623819895606
PE(O-36:5),0.10431893978462753,0.17228194434337912,0.10431893978462774,-0.3979896175582578,-0.2833359242699762,0.9816368354160823,0.7637602355115068
PE(O-36:4),0.04466871357617266,0.002520834605325913,0.04466871357617286,-0.8949134900606266,-0.260160065825894,1.349996554687651,2.598455647917629
PE(O-36:3),0.007621753628859301,0.004333888401778385,0.007621753628859336,-0.7228847897159962,-0.29526530106216686,2.1179450937895434,2.36312227601478
PE(O-36:2),0.008511728273085356,0.003595291609661473,0.008511728273085379,-0.6314549775448008,-0.42013981849986637,2.0699822491683,2.4442658787635128
PE(O-37:5),0.05304174791241744,0.1900534299082778,0.053041747912417544,-0.375271059533441,-0.8201383375540363,1.275382172834619,0.7211242882455813
PE(O-38:7),0.9470936847335495,0.5116591525372892,0.947093684733551,-0.21711147786375573,0.01759450055609335,0.023607059275054378,0.29101925282610647
PE(O-38:6),0.09493371499634404,0.01670891850696833,0.09493371499634447,-0.6416205997404303,-0.2798903702632378,1.0225795237526705,1.7770516591225205
PE(O-38:5),0.07823858374868572,0.05979181949626167,0.07823858374868585,-0.604682497328425,-0.455652584736848,1.1065790196174086,1.2233582305711008
PE(O-38:4),0.04608445110129509,0.04521819616349058,0.046084451101295186,-0.7004109336931266,-0.4388640818019285,1.3364455809005251,1.3446867664459365
PE(O-38:3),0.3571043750109598,0.009386718998872685,0.3571043750109587,-0.7199919490132369,0.12337562898645182,0.4472048290805896,2.0274861829933792
PE(O-38:2),0.7199654642308075,0.005377926705658442,0.71996546423081,-2.9061120384173376,-0.04574067563853734,0.14268833558778202,2.2693851209570837
PE(O-39:7),0.15311888161663803,0.7076097701105424,0.15311888161663856,-0.16731609325383023,-0.3759145441764542,0.8149712516511957,0.15020617932957947
PE(O-39:6),0.03745341751608837,0.11042052891597924,0.03745341751608843,-1.2361652817062443,-0.6100925244088201,1.426508548040294,0.9569501769138571
PE(O-40:8),0.6670251605690447,0.7194003762186378,0.6670251605690434,-0.032366039774921695,0.146735446914394,0.17585778393921278,0.14302933939819204
PE(O-40:7),0.4429486105787651,0.5580886366866662,0.44294861057876717,-0.13196647477683054,-0.06229841629149213,0.3536466562524579,0.25329682011820426
PE(O-40:6),0.06604902421575534,0.07931914737056343,0.0660490242157557,-0.43537053922285107,-0.20647065564170486,1.1801335941106703,1.100621962825908
PE(O-40:5),0.2742727243368699,0.03449173295616871,0.27427272433687055,-0.5665097761420834,-0.2393866215727818,0.5618173796319914,1.4622849849775066
PE(O-40:4),0.18742975870000966,0.03475322750573702,0.18742975870000933,-1.3758955880999804,0.5456243658253984,0.727161453932994,1.459004856603564
PE(O-40:3),0.21997289148225746,0.00028695050174403104,0.21997289148225696,-2.379078762895679,0.3188164939449648,0.657630836473568,3.54219301153569
PE(O-40:8) [M+OH]-,0.9223799786079336,0.025009611368804228,0.9223799786079346,1.492359545796034,0.11069683171683731,0.03509013250700825,1.601893056837877
PE(O-42:8),0.21736742933774017,0.7038154397606775,0.21736742933773964,0.12584023297181857,0.34118237113210365,0.6628055307125204,0.1525412101786978
PE(O-42:7),0.07731800484540705,0.3299961962587792,0.07731800484540685,-0.21894010920728535,0.36761611724827037,1.1117193612628558,0.481491066041335
PE(O-42:6),0.5594501339198503,0.10038719237597955,0.5594501339198494,-0.4388745850403448,0.10795277489125321,0.25223861785517276,0.9983216919245395
PE(O-42:5),0.6248205209270358,0.002852624730113428,0.6248205209270342,-2.486108148938319,0.10021305472019093,0.20424471539992464,2.544755357105822
PE(O-42:4),0.07804669286244127,0.0024475144606630706,0.07804669286244116,-2.926545256266041,0.46423972838160765,1.1076454949336891,2.6112747335727824
PE(O-44:7),0.23936145609518444,0.03606112402116663,0.23936145609518403,-0.8768362724961152,0.4763627904420039,0.6209457818864036,1.442960740492645
PE(O-44:6),0.3864785524774997,0.07137983191264716,0.38647855247749924,-1.4056295669583636,0.26900256024409086,0.4128746021314818,1.1464244790687272
PI(34:2),0.26257589185104857,0.5885566545159149,0.26257589185104896,0.03484705503942931,-0.21332601035955645,0.5807451507396539,0.2302117255828722
PI(34:1),0.014174775310601408,0.5727434404239444,0.014174775310601408,0.0368436329234485,-0.5165011737553136,1.8484838165365969,0.24203987604340632
PI(36:4),0.07847995437326954,0.9287099680782029,0.07847995437326957,-0.01638092590143536,-0.5869681916766709,1.1052412581184625,0.032119893034796544
PI(36:3),0.07358855276618677,0.3386130130060874,0.07358855276618705,-0.4242055709995649,-0.19329967905696743,1.1331897380691895,0.470296355830919
PI(36:2),0.7712029614063083,0.977130740243546,0.7712029614063057,-0.12651581801993972,0.020247598482765916,0.11283131141856977,0.010047323724835395
PI(36:1),0.356618656472964,0.4864610597774217,0.35661865647296515,-0.40208751051414504,-0.1633714819538845,0.44779594048955346,0.31295191839796926
PI(38:5),0.07396302933884066,0.3205622247649957,0.0739630293388408,-0.28013472406914697,-0.3434886943251836,1.1309853095436972,0.49408765647563013
PI(38:4),0.20573413017894346,0.9856038462820058,0.20573413017894368,-0.07735872693384227,-0.2911045783642141,0.6866936552239769,0.006297610358432645
PI(38:3),0.7931038478526357,0.32622361211576417,0.7931038478526339,-0.7205688165433501,0.039044405334585974,0.1006699430776945,0.4864846078559567
PI(40:6),0.8150633042076268,0.9218915970139013,0.8150633042076252,-0.18384270116702522,0.005552413509181897,0.08880865923501988,0.03532014357383029
PI(40:5),0.11841265415139675,0.7625521338929285,0.11841265415139712,-0.6140994005857147,-0.2740048946902235,0.9266018843152143,0.1177304592755639
Cer(d32:1),0.45693171877001254,0.059344509165449026,0.4569317187700208,0.3168244925917,-0.024787637059113188,0.3401486935340094,1.2266194578292244
Cer(d34:1),0.4801307216854291,0.011636492045018237,0.4801307216854315,0.5147057204963765,-0.08194007829652605,0.3186405043378785,1.934177923045617
Cer(d36:1),0.6537950147794729,0.0042986475277970405,0.6537950147794722,1.2431223145743298,0.06841538566009897,0.1845583952607283,2.3666681638637894
Cer(d37:1),0.4634185832293506,0.18867870095061615,0.46341858322935103,0.16047166307533403,-0.1416602750406367,0.33402655485302624,0.7242771225255581
Cer(d38:1),0.27378539734784124,0.0028735168858194425,0.27378539734784213,0.7262036621643899,-0.16759644507998184,0.5625897191690689,2.5415862464521006
Cer(d39:1),0.22620437668381072,0.481042157383757,0.22620437668381124,0.12569625569768506,-0.3452372099349603,0.6454989964431032,0.31781686142898
Cer(d40:2),0.0642790302867103,0.0023496209128195575,0.06427903028671052,0.7180712371968521,-0.476412460831215,1.1919306836247385,2.6290022010265757
Cer(d40:1),0.21013478181996562,0.9768103832590591,0.21013478181996598,-0.09410236117967319,-0.24213013967720265,0.6775020565789787,0.010189732592917404
Cer(d40:0),0.9179663887633457,0.8748917974759425,0.9179663887633472,-0.22185656651176222,-0.05831943891653735,0.03717322015152729,0.05804565516610601
Cer(d38:0) [M+OOH]+,0.6876576658203041,0.1092842801444151,0.6876576658203029,0.7499242059990836,-0.13231012041399248,0.16262771124989012,0.9614423040843971
Cer(d41:2),0.10019510903208226,0.6402639144615532,0.10019510903208247,0.0925297658464701,-0.5508469769527236,0.9991534777923347,0.19364097450231815
Cer(d41:1),0.15337462369323754,0.4615012050969737,0.1533746236932379,-0.3278648808465281,-0.2456093138011335,0.8142464898111557,0.3358271605832858
Cer(d41:0),0.6065295553883769,0.1269240942775764,0.6065295553883774,-0.650901181929433,-0.12376213952466308,0.21714803168225058,0.8964559270106465
Cer(d40:0) [M+OH]+,0.17549145417278106,0.8103655407490044,0.17549145417278167,0.001326582793081732,-0.1976754518199073,0.7557440273233385,0.09131903480071565
Cer(d42:3),0.022819938348643525,2.5822408318893523e-05,0.02281993834864358,1.3349671893118198,-0.4236466640993499,1.6416855332254328,4.588003255840671
Cer(d42:2),0.1925712756597583,0.015168151735636988,0.19257127565975887,0.40190327520077673,-0.22531776649251256,0.7154084926673645,1.8190673354899063
Cer(d42:1),0.533790800077008,0.08091885317674506,0.533790800077009,-0.7705537316835027,-0.08480470871092738,0.272628915580771,1.0919502809005
Cer(d42:0),0.5667365653497756,0.03862261680029097,0.5667365653497763,-0.93488758084656,-0.12388006975851962,0.24661876615268202,1.4131583047817313
Cer(d40:1) [M+OOH]+,0.9010543889370657,0.0006625195982728489,0.9010543889370637,1.3408946421474224,-0.07576780953237705,0.04524899359104058,3.1788012701521176
Cer(d41:0) [M+OH]+,0.12302419877273384,0.06679881211382475,0.12302419877273434,-0.4701448365747052,-0.23316258573110682,0.9100094547410554,1.1752312605334077
Cer(d40:0) [M+OOH]+,0.32062764937802085,0.5701892519718672,0.3206276493780201,0.17822313733345263,0.04741347564003062,0.49399902891096664,0.24398097337047864
Cer(d43:1),0.4272511724249044,0.02366114590862616,0.4272511724248996,-0.12441817646797926,0.04264726409621655,0.36931673685305866,1.6259642263293042
Cer(d43:0),0.9403228358195459,0.03091199088787288,0.9403228358195481,-0.8317810624607581,-0.04490448281021542,0.026723016885202882,1.50987302328437
Cer(d42:3) [M+OOH]+,0.33975358861705085,0.05573733422633044,0.3397535886170499,0.825796781648739,0.25527596034023814,0.46883594737441736,1.2538538063166489
Cer(d42:2) [M+OOH]+,0.4430280532504575,0.07401853751208712,0.44302805325045597,0.6039770650524181,0.09860656970424397,0.3535687726795723,1.1306595001204687
Cer(d44:0),0.24307463872065332,0.06926173699527122,0.2430746387206523,-0.34107120455024353,0.10902335165225774,0.614260351063052,1.1595066211030174
Cer(d42:1) [M+OOH]+,0.3571879179831101,0.23916103651186513,0.3571879179831099,0.590026343677128,0.12732721563401173,0.44710323971072524,0.6213095730374371
Cer(d43:0) [M+OH]+,0.7494986870765012,0.04961054825276073,0.7494986870764953,-1.6650644409914364,0.00321729231838519,0.12522912358412078,1.3044259734912682
Cer(d45:3),0.6120092561881061,0.011085770887564057,0.6120092561881071,-0.6761975842737937,-0.11062843141721287,0.21324200942140173,1.9552341013249104
Cer(d44:2) [M+OH]+,0.17341030062808066,0.34085905948460693,0.1734103006280802,-0.3351987449089815,0.4814895494308751,0.7609251088605635,0.467425158664536
Cer(d45:1),0.33965366831514454,0.020553116491479072,0.3396536683151436,-0.46075618206942737,0.09910288498417266,0.468963690596522,1.6871223162486115
Cer(d43:2) [M+OOH]+,0.19287876198058015,0.10931132955226171,0.1928787619805792,0.5690849222512708,0.16164078188980424,0.7147155902017769,0.9613348233473157
Cer(d45:0),0.23320387120026603,0.3353463833058221,0.23320387120026526,-0.21447629346963204,0.18014441227587882,0.6322642445349813,0.4745063731426056
Cer(d46:4)_RT_14.499,0.5673382771857202,2.9225450385289172e-05,0.5673382771857218,-1.25171481693034,-0.07695275190617412,0.24615791446147656,4.534238787323055
Cer(d46:3)_RT_14.207,0.31939972891194546,0.47050194335733597,0.31939972891194485,-0.25244948997698957,0.2813004001474346,0.49566545680146873,0.3274385784266831
Cer(d45:3) [M+OH]+,0.6501303548533328,0.011478376428664618,0.6501303548533295,-0.46231676908997077,0.028437579447712136,0.18699955609936275,1.9401195368454467
Cer(d46:0),0.19541636615485591,0.20167433928298045,0.19541636615485505,-1.4292202051472926,0.23120444847012533,0.7090390668552256,0.695349357200051
Cer(d47:4),0.8406740210328457,0.006344905136393947,0.8406740210328439,-0.42696490481707106,0.006028204232089329,0.0753723731804441,2.197574866721148
Cer(d46:3) [M+OH]+_RT_14.29,0.2832465907959312,0.35963324500973104,0.28324659079593,-0.173318512001195,0.12441677539279271,0.5478353086752451,0.4441401682822014
Cer(d46:2) [M+OH]+,0.33785224134636305,0.4838983113297365,0.33785224134636205,-0.22604507308160526,0.27158689967942795,0.47127319557538716,0.315245893455453
Cer(d46:4) [M+OOH]+,0.14715337079885205,0.2393600683150834,0.14715337079885166,-0.2415032999644346,0.2782785096008761,0.8322297851948552,0.6209482998648492
Cer(d46:3) [M+OOH]+,0.28642845613859197,0.08159834457019306,0.2864284561385904,-2.4302900229576974,0.18771093826741314,0.5429838378653793,1.088318651924118
Cer(d48:3) [M+OH]+_RT_14.295,0.4422597672913562,0.37202474823863685,0.44225976729135513,-1.5427986948922352,0.24912636996539517,0.35432256693401565,0.42942816854290633
Cer(d48:0) [M+OH]+,0.1976140880169857,0.5362380698014593,0.19761408801698516,-1.3207473860842425,0.28592980114263505,0.7041820975523255,0.27064235686228616
Cer(d48:4) [M+OOH]+,0.1710582980670979,0.32078675428272657,0.1710582980670969,-0.14784041658335767,0.16649435639493038,0.76685585326881,0.493783572621927
Cer(d50:6) [M+OH]+,0.529197474888037,0.35390965115434325,0.5291974748880357,-1.5606514756971912,0.039770861152119696,0.27638223675363727,0.45110759394365435
C1P(d30:0),0.15015124928305573,0.7015533538630288,0.1501512492830556,-0.14112600380284324,0.4255161941120855,0.8234710500485476,0.15393929483208746
Hex2Cer(d30:0),0.22045196108309761,0.5348712142193432,0.22045196108309775,0.30317381636767315,-0.5576840789549156,0.6566860334501348,0.2717507744027852
Hex2Cer(d32:0),0.601603350838162,0.24397443314195624,0.6016033508381626,0.5718893999241548,-0.527340406157145,0.2206897534561902,0.6126556823790396
Hex2Cer(d34:1),0.11908428905589293,0.41534847195614844,0.11908428905589304,0.36093192267792906,-0.6843604940713659,0.924145531770007,0.3815873829409702
Hex2Cer(d34:0),0.4470577466072864,0.8176479636827754,0.44705774660728714,0.03968357031031644,-0.5476929846242067,0.34963637527278474,0.08743364050707672
Hex2Cer(d40:0),0.16988913844113743,0.6571336643805383,0.16988913844113762,0.14964536864998168,-0.6467997834082864,0.7698343860860211,0.18234628371466394
Hex2Cer(d42:2),0.28521684142311515,0.4354788975939555,0.28521684142311554,0.2053659053129251,-0.6487682028456447,0.5448248339352483,0.36103288515814713
Hex2Cer(d42:1),0.40854805889305734,0.859561133551254,0.4085480588930581,0.010396309893336841,-0.5981446556192118,0.3887568485944594,0.06572323006499685
Hex2Cer(d42:0),0.34751802048233565,0.19532472252340852,0.347518020482336,-0.540841603187999,-0.606397352254127,0.4590226702303475,0.7092427839728882
Hex2Cer(d44:3),0.23418780307883813,0.0399008243246001,0.23418780307883844,-0.8763820463978487,-0.6060030101459142,0.6304357275108567,1.3990181319842523
SM(d31:1),0.22065991486626493,0.631947988106338,0.220659914866266,0.044704226073290165,-0.18126452620173317,0.6562765537143342,0.19931866445170854
SM(d32:2),0.10087655545987444,0.5082959672638006,0.10087655545987453,0.11127198056079157,-0.4923142626643915,0.996209755641054,0.2938833359042726
SM(d32:1),0.04982649445465313,0.19237703098419695,0.0498264944546535,0.24041075282033475,-0.17320913527681814,1.3025396665627298,0.7158467821542347
SM(d32:0),0.11684665722943662,0.3853586059399615,0.1168466572294371,0.15832721968063734,-0.2124228791414493,0.9323837074700912,0.41413493777956084
SM(d33:2),0.14443098843294563,0.12216269539891,0.1444309884329459,0.34072471105716406,-0.30064923707491087,0.8403396165892746,0.9130613935682117
SM(d33:1),0.11211099878092354,0.7274432206889521,0.11211099878092462,0.01757374183503213,-0.10306647783902623,0.9503517783457697,0.13820089911704433
SM(d34:2),0.14241336568292468,0.11120533198319753,0.142413365682925,0.27554785838421303,-0.2955610108499567,0.8464492496742618,0.9538743890546365
SM(d34:1),0.781539694037243,0.3862312008862476,0.7815396940372459,0.11032015162410502,-0.038358842216091205,0.10704895947006134,0.4131526455607833
SM(d34:0),0.9477917904635103,0.9391044796484078,0.947791790463508,-0.06245979639594612,-0.0259763506520283,0.023287057370989413,0.02728608780780061
SM(d35:2),0.2083450330760789,0.11111713926956308,0.20834503307607954,0.3383516443770449,-0.28556509319302226,0.6812168486185745,0.9542189481148948
SM(d35:1),0.1821521901682879,0.029047270801310292,0.1821521901682887,0.44570750999030295,-0.1816347449897897,0.7395656025045059,1.5368946664272403
SM(d36:3),0.4351456095152145,0.1799106585436604,0.43514560951521547,0.12260142230119264,-0.16568598092097497,0.3613653940167196,0.7449431067512995
SM(d36:2),0.023851329716076407,0.0324539349371177,0.02385132971607646,0.6464702926085772,-0.32562325539639136,1.622487403950633,1.48873263883674
SM(d36:1),0.5823882055014014,0.10594564535072529,0.5823882055014025,0.5230084608196615,-0.10108618810035619,0.23478742891741963,0.9749168892506551
SM(d36:0),0.5724232636037856,0.0738526713183638,0.5724232636037855,1.2481750903939504,0.21396092158309976,0.24228272458128727,1.1316337912410919
SM(d37:2),0.36303073359405175,0.025215350081492758,0.36303073359405236,0.7762767627253997,-0.22324923625692916,0.4400566067399099,1.5983349978635593
SM(d37:1),0.7639676038784762,0.1217787023302337,0.7639676038784731,0.4195511867449082,0.01805909529802241,0.11692505733414908,0.9144286580842678
SM(d38:3),0.46573939100061773,0.029351829592030865,0.465739391000616,1.2482320217684013,0.059952185721840134,0.3318570290401272,1.5323648226290334
SM(d38:2),0.06857184370383068,0.05222922436076009,0.068571843703831,0.40567970259509956,-0.23147693469579078,1.163854173421669,1.28208642368135
SM(d38:1),0.50084319142613,0.3968709800736928,0.5008431914261321,0.09801113954639629,-0.07004911102079792,0.3002982257457129,0.40135065633252776
SM(d38:0),0.7466060098170768,0.2106401096770747,0.7466060098170769,0.3978859339318659,0.2938250971063159,0.12690851853523136,0.6764589277714531
SM(d39:1),0.34039489783474614,0.27126454008720047,0.3403948978347472,-0.38109810312077386,-0.1460396568474822,0.4680169581609574,0.5666069738424093
SM(d40:3),0.2660071352526949,0.00903824135909997,0.26600713525269276,1.2582631329976715,0.0554423430048856,0.5751067138978367,2.0439160653586916
SM(d40:2),0.5981709692273541,0.4425781286441094,0.5981709692273562,0.08599617917834301,-0.07914563554971998,0.22317466821929027,0.35401005187254897
SM(d40:1),0.8954446914908385,0.3749040194304143,0.8954446914908406,-0.3781302096723067,-0.02090728119735452,0.04796123384860397,0.42607990338455304
SM(d40:0),0.9468656624983033,0.9246162567814282,0.9468656624983035,-0.10865217809397598,0.23629265764268337,0.02371163258508015,0.034038474981432344
SM(d41:3),0.1769812214111264,0.004868428119791614,0.17698122141112774,0.7581487817924679,-0.12619232155761173,0.7520728120007736,2.312611237778108
SM(d41:2),0.3852582855237982,0.18030970199954305,0.3852582855237997,-0.24865292239913028,-0.16027217956058237,0.4142480123926162,0.7439809043840678
SM(d41:1),0.5371643573401973,0.013041844288280377,0.5371643573401992,-0.6522305450847945,-0.08387101330088331,0.26989281194527454,1.8846609893106094
SM(d42:4),0.270956810333977,0.0011350924375168013,0.2709568103339778,1.0471581818452105,-0.25915482146109525,0.5670999287877927,2.944968769775887
SM(d42:2),0.8151901449534552,0.2991556923836487,0.8151901449534539,0.1810406202811059,-0.041184524784732446,0.08874107926929951,0.5241027289165798
SM(d42:1),0.8687068566532474,0.0014335113086408585,0.8687068566532488,-1.096609875888431,-0.09210669272827054,0.061126750612122326,2.8435988766547475
SM(d43:2),0.4213319753895893,0.15218400628299264,0.42133197538959066,0.3006717785687014,-0.16075654492899893,0.37537558049265973,0.8176309871713676
SM(d43:1),0.9500915436500803,3.4708410577935244e-05,0.9500915436500799,-1.1577497888457362,-0.02796045282086279,0.02223454735674788,4.459565273768433
SM(d44:2),0.7574823377953082,8.396890091031241e-05,0.7574823377953057,-0.8892854227515077,0.011247021482704511,0.12062748914574033,4.075881531364733
SM(d44:1),0.5935622535455377,1.9704981525609793e-09,0.5935622535455399,-4.948666369676932,-0.09795663681518008,0.22653372497653018,8.705423967970644
SM(t34:2),0.2080955432424533,0.33105325061187774,0.20809554324245363,0.23385176940871844,-0.38320037489567227,0.6817372209221368,0.48010214342419694
SM(t34:1),0.8647420971364801,0.5695607579889685,0.8647420971364774,0.07863024983469158,0.0028963980086520458,0.06311339830544963,0.24445994067727905
SM(t34:0),0.11482763804265923,0.4763400197521953,0.11482763804265946,-0.11589621725427723,-0.3183253540347746,0.9399535683423546,0.3220829296632596
SM(t40:1),0.11170175934531368,0.890829280904571,0.11170175934531415,0.013253146906598845,-0.24833562623201322,0.9519399865267881,0.05020551646255437
SM(t42:1),0.39116832264082274,0.5299292951618705,0.3911683226408242,-0.1981493471671696,-0.271067645317165,0.40763632223648044,0.27578207147363776
SM4(d34:1),0.1585468044403849,0.1341890311591505,0.1585468044403854,-0.6168449154857489,-0.21373943259689776,0.7998425068875594,0.8722829826897188
SM4(d42:2),0.37102391264521734,0.0006267588652646881,0.3710239126452181,-1.9246679731345004,-0.23864416283130785,0.43059809902324137,3.202899514396782
SM4(t34:1),0.3400097930689184,0.020666260565929198,0.3400097930689189,-1.4044107550049998,-0.21787361595677257,0.46850857409144386,1.6847380992073222
SM4(t42:2),0.26268804364710396,0.011081609266649878,0.26268804364710424,-2.236115617970759,-0.2933136654842877,0.5805596938536548,1.9553971669652757
SM4(t42:1),0.048912237941672244,0.0008384937571737642,0.048912237941672286,-3.0547380264178186,-0.5150830605382344,1.3105824659155019,3.076500166492694
DG(30:1) ,0.8027313763813941,0.10715716649584528,0.802731376381394,0.9359100061702863,-0.22553990581943673,0.09542976141218117,0.9699787787469983
DG(30:0) ,0.9707151468542744,0.1933895442792094,0.9707151468542755,0.6139753892396573,-0.2667400633923691,0.012908193674624445,0.7135670100078965
DG(31:1) ,0.19084074045009652,0.08503284280817547,0.19084074045009725,0.47310292520078345,-0.20471336913864047,0.7193289070745075,1.0704133013978037
DG(31:0) ,0.8269246807351549,0.25909878372065565,0.8269246807351543,0.3634262964605872,-0.057879869128033334,0.08253404574462841,0.5865346257044396
DG(32:2) ,0.8231136565876473,0.06614608193692594,0.8231136565876451,0.8984973609281273,-0.13234947075437908,0.08454019270897595,1.1794958754911056
DG(32:1) ,0.4146071067897463,0.030806609179462967,0.41460710678974655,1.2434326246685723,-0.4911184349858049,0.3823632579268701,1.5113561009589187
DG(32:0) ,0.5399048901944805,0.05923300523448612,0.5399048901944807,1.0463100941045136,-0.35047267516107894,0.267682738883897,1.2274362325178527
DG(33:2) ,0.3559879414542539,0.018608956535982452,0.3559879414542562,0.7107928906597651,-0.13420741415757398,0.448564712837724,1.730277978474285
DG(33:1) ,0.790557567389593,0.020824403893119833,0.7905575673895938,1.0620532360177766,-0.23547562080714002,0.10206649981230591,1.681427421596277
DG(33:0) ,0.8439916554642756,0.07576983522911654,0.843991655464277,0.6475078899051989,-0.30756232870425615,0.07366184721763198,1.1205036571766407
DG(34:4) ,0.8878997066511044,0.07132111993997425,0.8878997066511061,0.8608865917001864,-0.35200795820539454,0.051636087496063236,1.146781845811713
DG(34:3) ,0.44382372842683315,0.02345426575754714,0.4438237284268337,1.220792309131057,-0.17545829305834992,0.3527894825245641,1.6297781582161568
DG(34:2) ,0.3352336841057757,0.010248374851631837,0.3352336841057762,1.3172154266718508,-0.2140847078018524,0.474652350166184,1.9893449979181386
DG(34:1) ,0.31805735038135696,0.007603900380970481,0.31805735038135724,1.4105202389025262,-0.3043557675641253,0.49749456332223474,2.1189635814802155
DG(34:0) ,0.6733915840080906,0.26811908696120995,0.67339158400809,0.42950105931053173,-0.11699487508825168,0.1717323156902616,0.5716722681996281
DG(35:3) ,0.18384613607940253,0.0315468727889944,0.18384613607940253,1.292843319855439,-0.9150144670227411,0.7355454933285868,1.5010436854783678
DG(35:2) ,0.3286699930669545,0.0026456937463530247,0.3286699930669548,1.5382501917250133,-0.38220433384646135,0.4832399443525512,2.5774604292213206
DG(36:5) ,0.8398781171541194,0.0524845365966992,0.8398781171541179,0.9740207112480537,-0.1281228705604729,0.07578373404291876,1.2799686329738424
DG(36:4) ,0.5902766387511272,0.08156581281528708,0.5902766387511258,0.8510144220505733,0.046124011291864164,0.22894440441600578,1.0884918316476049
DG(36:3) ,0.9859587743589326,0.03763371909879754,0.9859587743589318,1.115942622654213,0.05209259364284158,0.0061412437228175595,1.4244228610244445
DG(36:2) ,0.598523923292047,0.05104407719059088,0.5985239232920492,1.0240169406206086,-0.0781352174258263,0.22291848594916547,1.2920546432474107
DG(36:0) ,0.3221017595800525,0.9621778951650168,0.3221017595800518,-0.01062719208887497,0.14154131753370258,0.4920069027064806,0.0167446246919558
DG(37:3) ,0.9052436268563382,0.04340325392747098,0.9052436268563422,1.045079480270788,0.005009289775443904,0.04323452404297809,1.3624777103545016
DG(38:6) ,0.7088462743723449,0.04964548015455665,0.7088462743723436,1.130733027742214,-0.0981462575898,0.14944793890799826,1.304120284596354
DG(38:5) ,0.05054171076792354,0.005879172150615495,0.05054171076792373,1.4092296164674583,-0.39581674706530556,1.296350061891876,2.2306838228577366
DG(38:4) ,0.18986682404677244,0.003632819710083826,0.18986682404677308,1.0566442270927707,-0.39924528702860496,0.7215509141051716,2.4397561548096274
DG(38:3) ,0.9592239778057238,0.10270694944055432,0.9592239778057263,0.7236989870094064,-0.09324645503458662,0.01807997367634681,0.9884001698245711
DG(38:2) ,0.36769473961070687,0.418440418747666,0.36769473961070803,0.2967167616323172,-0.42054043053011814,0.4345125832787702,0.37836637196281087
DG(38:0) ,0.976550660784557,0.5158848887129026,0.9765506607845557,-0.12869974197059886,0.154120167331248,0.010305221778607045,0.2874471932833458
DG(39:5) ,0.6919457990299508,0.0011912164244644058,0.6919457990299521,1.4189631408371155,-0.3398896718369888,0.1599279230347288,2.924009327172364
DG(40:8) ,0.502410818167423,0.055250191460869555,0.5024108181674221,1.7096712437537516,0.09624543889871795,0.298941017718645,1.2576662126608593
DG(40:7) ,0.5320362812114809,0.041486722666307686,0.5320362812114803,1.7104944205536183,0.07769948748162214,0.2740587508014171,1.3820908718510918
DG(40:6) ,0.07754153032948888,0.01463712648849413,0.07754153032948903,1.4575763869216454,-0.3278954716555287,1.11046563217722,1.8345441741437036
DG(40:5) ,0.06668459620488112,0.018669620164134267,0.06668459620488118,1.2676796978150113,-0.49363920195302224,1.1759744742665632,1.7288645177391155
DG(40:4) ,0.4410986403042193,0.06787525174663031,0.44109864030421986,0.8216672192243515,-0.5049696785334272,0.3554642809413495,1.1682885466190138
DG(40:2) ,0.6064270291714003,0.47351298543116005,0.6064270291713992,0.3997816066712916,0.10299330475596125,0.2172214499248426,0.32466810657882916
DG(40:0) ,0.634635148425472,0.630194701602226,0.63463514842547,-0.1130805974822846,0.027825405397210456,0.1974758787459866,0.20052525250221165
DG(41:5) ,0.07244562003685485,0.18507846486796814,0.07244562003685445,-0.14630837715186518,0.19427019506862053,1.1399878662497527,0.7326441114097426
DG(42:10) ,0.4582402989471807,0.07473422547756788,0.4582402989471805,1.8394732054527902,0.03934900607801217,0.3389067203827758,1.1264804620137123
DG(42:8) ,0.400700275702739,0.024184252633037348,0.40070027570273997,1.4086932025997505,-0.4792258999178416,0.3971803587498882,1.6164673290885505
DG(41:0) ,0.8118599359227496,0.9194684310644223,0.8118599359227466,0.013764644979904705,0.013910661198640373,0.09051888985088172,0.03646317719249513
DG(42:2) ,0.5646341354267437,0.49230574505146096,0.5646341354267428,-2.5830328714855506,0.05589009595821004,0.24823286976093878,0.3077650961192015
DG(42:1) ,0.6007592624070253,0.5114434403319872,0.6007592624070242,-0.38904361902546514,0.03546221060666355,0.22129952459189406,0.2912023871910919
DG(42:0) ,0.29846901138392323,0.19644265401599398,0.2984690113839249,-0.1818910946787029,-0.17544488760149424,0.5251007529218463,0.7067642070149052
TG(42:1) ,0.19390327742778005,0.8369931152974879,0.1939032774277799,-0.05657209527037299,0.497695830944624,0.7124148502468723,0.07727811428942535
TG(43:1) _RT_15.082,0.17007127248213008,0.642227531433816,0.17007127248212978,0.06281724483145168,0.2807197772898482,0.7693690388632489,0.1923110807478773
TG(43:0) _RT_15.178,0.9315454621097835,0.5693712949600459,0.9315454621097858,0.05828801968008657,-0.018324125643963463,0.030795945425144817,0.24460443173542729
TG(44:2) ,0.2587750874282297,0.7695455514300342,0.25877508742822936,-0.010082592606563967,0.5806548947203529,0.5870775360142753,0.11376566803627246
TG(44:1) ,0.4281329098825863,0.7393462680986316,0.42813290988258573,0.07605944746895688,0.10961665303256041,0.3684213873699198,0.13115211491546422
TG(44:0) ,0.5268127500168066,0.7405318622599786,0.5268127500168058,-0.05246790447538441,0.012977728270826105,0.27834372270999597,0.13045625070658667
TG(45:2) _RT_15.177,0.9017690698441934,0.3538805297620241,0.9017690698441944,0.2240449378763878,-0.05485383907946906,0.044904664822702986,0.4511433312577276
TG(45:1) _RT_15.363,0.9940465900704142,0.5006906062342628,0.9940465900704148,0.14613856286994942,-0.051280697445099666,0.002593260133557214,0.3004305565916925
TG(45:0) _RT_15.157,0.30942490175319454,0.6334581373304002,0.30942490175319765,-0.0499002434984992,-0.04175346061361118,0.5094447382810583,0.19828208058659633
TG(45:0) _RT_15.545,0.8496139405592277,0.6328461718233085,0.8496139405592256,-2.0378513232966915,0.016245575348788233,0.07077837025239302,0.19870184266371196
TG(46:3) ,0.20574672146774994,0.8698724899285204,0.2057467214677497,0.141804011333043,0.37461762211942684,0.6866670764549841,0.06054440367901292
TG(46:2) ,0.32001129279101126,0.6925354912106958,0.3200112927910112,0.027987415261176984,0.04830229827209109,0.49483469571045186,0.15955796487435314
TG(46:1) ,0.779751987119358,0.673048224966474,0.7797519871193579,0.1345520036132113,-0.40136461074165286,0.10804350981368821,0.1719538167767925
TG(46:0) _RT_15.696,0.5817797341992991,0.6810215550391652,0.5817797341992994,-0.05997176386774239,-0.3858885428013652,0.23524141110323826,0.1668391419984943
TG(47:3) _RT_15.264,0.6265918539166052,0.2690897277780815,0.6265918539166053,0.3075503121994234,-0.16673228833147102,0.20301525551569918,0.5701028806622777
TG(47:2) _RT_15.44,0.6164795324325996,0.3423712506447344,0.6164795324326,0.22562167067452643,-0.17915606895296543,0.2100813377205418,0.4655027107313185
TG(47:1) _RT_15.615,0.740583045215541,0.8329557417777611,0.7405830452155415,-0.02513507939615689,-0.20963345942781597,0.13042623483804752,0.07937807375807988
TG(47:0) _RT_15.793,0.9105390865502448,0.6880836213185085,0.910539086550243,-0.31258332779663744,-0.014473957965989825,0.04070140658653534,0.16235877968543505
TG(48:5) ,0.3270287462664094,0.7462783638940671,0.32702874626640904,-1.874865662566109,0.0066619316575857734,0.4854140705930305,0.12709914926480645
TG(48:4) ,0.8062282512106023,0.4352149535717149,0.8062282512106023,0.20155132780153728,-0.20443415240604157,0.09354198771372574,0.36129619110833455
TG(48:3) ,0.6507512952083848,0.2592070326632238,0.6507512952083846,0.4511238800656354,-0.31112849795937425,0.1865849588294917,0.5863532196016074
TG(48:2) ,0.4422369418504676,0.31774756494256146,0.44223694185046736,0.40501255936043723,-0.48526025412420637,0.35434498185749624,0.49791776897556195
TG(48:1) _RT_15.738,0.4037687459992078,0.5603193498981591,0.4037687459992075,0.22981601853945577,-0.5768303009529356,0.3938673009580028,0.2515643794797967
TG(48:0) ,0.621748621904572,0.44275588062712756,0.621748621904572,0.27858586304596766,-0.41035757949980045,0.20638516866341955,0.35383566185567167
TG(49:4) _RT_15.334,0.37526196299773723,0.12625272090280917,0.3752619629977371,0.5618405691911772,-0.4159073787360814,0.4256654539651979,0.8987592535234201
TG(49:3) _RT_15.499,0.4071237138811063,0.09107735189314616,0.4071237138811066,0.4455377569233008,-0.3492430560040094,0.39027360037725983,1.0405896051420191
TG(49:2) _RT_15.673,0.41094071475703714,0.3139724018094779,0.4109407147570372,0.2962031656338171,-0.42112620582942917,0.3862208280291112,0.5031085247567612
TG(49:1) _RT_15.466,0.6222333924832908,0.3123519459770664,0.6222333924832915,-3.4943664184893146,-0.34826534293756406,0.20604668595941128,0.5053557840209233
TG(49:1) _RT_15.851,0.5781166670930792,0.7157752368064647,0.5781166670930793,0.07371398109590555,-0.44405443392890476,0.23798450974231966,0.14522333067965232
TG(49:0) _RT_16.042,0.632959924076189,0.6983084566790005,0.6329599240761895,-0.02276251424312692,-0.2149881438379584,0.1986237865127374,0.15595269851922047
TG(50:6) ,0.34279645142607773,0.434621370379647,0.3427964514260764,0.27249859724108516,-0.024937903919314497,0.4649636824724386,0.3618889231839749
TG(50:5) ,0.4248579830073263,0.21547200662732657,0.4248579830073259,0.4441719548745535,-0.28626858312394887,0.37175621701675615,0.6666091438650553
TG(50:4) ,0.46846461737271244,0.13186931345054484,0.46846461737271194,0.5053375598522862,-0.24063650319388952,0.329323205331333,0.8798562548675954
TG(50:3) ,0.385082138678946,0.06098211263672229,0.385082138678946,0.4712613773098777,-0.27321586662004016,0.4144466248544676,1.2147975342084583
TG(50:2) ,0.2856156600423777,0.06422205515029954,0.2856156600423779,0.4042184652307732,-0.3185521762797716,0.5442179842784283,1.1923158008225612
TG(50:1) ,0.47961604859178986,0.16976407941693278,0.47961604859178986,0.37284467075070893,-0.30621568424243684,0.3191062932582479,0.7701541972564916
TG(50:0) ,0.8714560887500395,0.5781465089145555,0.8714560887500399,0.5658664460289344,-0.19479215310880083,0.05975449139277946,0.23796209246108313
TG(51:6) ,0.20662726204239956,0.17278879413581286,0.20662726204239978,0.6021558199311138,-0.33792072187730704,0.6848123789757068,0.7624844262251012
TG(51:5) ,0.39083896595907236,0.07467166273080032,0.3908389659590724,0.5116589896388977,-0.24472408235706222,0.4080021443969765,1.1268441780306346
TG(51:4) _RT_15.564,0.6239833255761968,0.051121708101547716,0.6239833255761975,0.3580320206523657,-0.12325896366862477,0.20482701561726013,1.291394643764297
TG(51:3) _RT_15.734,0.4808523085731207,0.02761402629111161,0.4808523085731213,0.345632565022874,-0.2108048450817206,0.3179882945639941,1.558870265996441
TG(51:2) _RT_15.908,0.3303384881267516,0.09977157538480559,0.33033848812675193,0.3904113042171842,-0.43260109892294185,0.4810408231984542,1.0009931702541028
TG(51:1) _RT_16.081,0.5539019505787262,0.26285104151647,0.5539019505787258,0.4489685922850404,-0.4386311462521504,0.256567105472407,0.5802902978011216
TG(52:7) ,0.23972825258005334,0.1739443171623839,0.23972825258005334,0.6027096792708515,-0.25534395045497593,0.6202807802485046,0.7595897552770333
TG(51:0) ,0.688929846902613,0.6033983738621878,0.688929846902613,0.20957152987207905,-0.28216816409797496,0.16182499965151725,0.21939586456810742
TG(52:6) ,0.314000391837662,0.15277842004014716,0.3140003918376621,0.4765537868784371,-0.18662386805429954,0.5030698099751029,0.8159379855466798
TG(52:5) ,0.7049837569757511,0.122353280399927,0.7049837569757514,0.39857197069292116,-0.05160560507830514,0.15182088916046813,0.9123843823359895
TG(52:4) ,0.9716155275799172,0.0843009548721364,0.9716155275799181,0.3273354368851269,0.002325687448934133,0.012505553265435133,1.0741675061184233
TG(52:3) ,0.7394748290985689,0.038632060970618914,0.7394748290985702,0.27603291839152355,-0.040297954587090956,0.13107660431704607,1.4130521221867518
TG(52:2) ,0.4752370459292349,0.04896582620205547,0.47523704592923544,0.27182103535498214,-0.11503275304650273,0.3230897123544209,1.3101069132304697
TG(52:1) ,0.9612350689214215,0.4802474089042883,0.9612350689214219,0.5661832661974024,-0.26943844117988736,0.017170393131108345,0.31853496962421846
TG(53:7) ,0.16292957074591505,0.1545132567344031,0.16292957074591527,0.7171508291554545,-0.46912387208057316,0.7880000866780126,0.8110342535879341
TG(52:0) ,0.4040523701310847,0.30850112484730596,0.40405237013108486,-0.08236536038140363,0.22659566316050084,0.3935623413623436,0.51074324811668
TG(53:6) ,0.1492908979451278,0.08827054458096378,0.14929089794512826,0.49218170517645543,-0.23504878237912452,0.8259666697880764,1.0541841940450627
TG(53:5) _RT_15.642,0.44639938770455057,0.06997116867518974,0.44639938770455095,0.2839177233477783,-0.13745870665526283,0.3502764097620488,1.1550808723370032
TG(53:4) _RT_15.788,0.9307648286734691,0.1665672206843054,0.9307648286734681,0.21896132672736712,0.010611768842066382,0.031160036001580745,0.7784104607719531
TG(53:3) _RT_15.949,0.9157313683541288,0.08549258361814506,0.9157313683541298,0.3279851483285263,-0.042214829701137546,0.038231908812264764,1.0680715581772733
TG(54:9) ,0.8335617996188611,0.2122252147765465,0.8335617996188625,0.528373083225894,-0.23291589077803299,0.07906219638965235,0.6732030182303406
TG(53:2) _RT_16.111,0.8027678244396252,0.048591551671079855,0.8027678244396251,0.5711075035804827,-0.09227546308720136,0.09541004269720393,1.3134392324161444
TG(54:8) ,0.9061979866871498,0.15737165882281046,0.906197986687153,0.5774506412054601,-0.03912972983636376,0.04277690703393793,0.8030734773461629
TG(54:7) ,0.8573997849757666,0.11362075814375364,0.8573997849757646,0.5713295489399615,0.0203245935576577,0.06681662974053629,0.9445423171838245
TG(53:0) ,0.8776656294394812,0.332180538760359,0.8776656294394809,-0.12204489144475006,-0.006558314999642434,0.05667090886347194,0.4786258148604383
TG(54:6) ,0.5235010034467387,0.12260010382640726,0.5235010034467374,0.37695148507539855,0.08173021413985193,0.28108248152866544,0.9115091620262771
TG(54:5) ,0.1745961072743428,0.311333758771371,0.17459610727434224,0.21059286067082184,0.19900476444918347,0.7579654433802698,0.5067737850251176
TG(54:4) ,0.1577647885679451,0.3641240979040244,0.1577647885679449,0.16673976188127604,0.23156815338807135,0.8019899202459604,0.43875057830190667
TG(54:3) ,0.06970129440673584,0.358674457901239,0.06970129440673571,0.18844426989031327,0.28290305020942697,1.1567591566439868,0.44529954941132477
TG(54:2) _RT_16.258,0.85764407551186,0.3858351867468426,0.8576440755118602,0.35909090288988654,0.07033258075528348,0.06669290808540163,0.41359816883012146
TG(55:8) ,0.5369875707603813,0.1445467311854063,0.5369875707603835,0.71547322757754,-0.17883012335676157,0.27003576646553057,0.8399917251222904
TG(54:1) ,0.4217405363384503,0.25111509244884733,0.4217405363384503,-0.19266775818809823,0.1935305256671782,0.37495465399574934,0.6001271846575337
TG(55:7) ,0.5375530932661812,0.16469558021983913,0.5375530932661822,0.5427401289647493,-0.2378677390491557,0.2695786347169438,0.7833180554258169
TG(54:0) ,0.3819598513065658,0.17450407550023792,0.3819598513065658,-0.3398605522942062,0.3283500183200365,0.4179822843981606,0.7581944257443681
TG(55:6) _RT_15.757,0.04276703207983376,0.05876255498779155,0.04276703207983409,0.39159785286063364,-0.18432341265399188,1.368890887598574,1.230899329407039
TG(55:4) _RT_15.677,0.6862282065899562,0.7689396182293012,0.6862282065899603,-0.12609092080870754,-0.03518819127252559,0.16353143475753748,0.11410776227842263
TG(56:10) ,0.8906184787921023,0.28974976608124653,0.8906184787921014,0.4782838539801517,-0.2905779937941668,0.05030829825241904,0.5379769059758068
TG(56:9) ,0.9720465938702532,0.13542150353274235,0.9720465938702522,0.6190202753404828,-0.12428870244421741,0.012312917197436714,0.8683123687076353
TG(56:8) ,0.7046685887350987,0.07243579611556471,0.704668588735097,0.5843901158358236,0.051338932364878964,0.1520150871561422,1.1400467623445978
TG(55:1) ,0.9345986759591607,0.28238071451412344,0.9345986759591606,-0.17002367049027933,-0.013273013955189095,0.029374838573890005,0.5491649672027409
TG(56:7) ,0.8557602843841823,0.08779137382831775,0.8557602843841807,0.3918460123764529,0.011433132833101212,0.06764787288016828,1.0565481547408988
TG(55:0) ,0.8549481399146541,0.34189659697584485,0.8549481399146556,-0.07556450174700413,-0.023994083866806903,0.06806022823320486,0.46610522187660647
TG(56:6) ,0.05035117817422628,0.06623101626812193,0.050351178174226525,0.3035048050172131,-0.23631139699598158,1.2979903628744391,1.1789385809601887
TG(56:5) ,0.6752506583080604,0.04629197897985171,0.6752506583080611,0.416768045826478,-0.06866194098662781,0.1705349837426312,1.3344942527523331
TG(56:4) ,0.3886017124621982,0.2497624345255779,0.38860171246219777,0.39802847003125086,0.22611004598795903,0.410495289914197,0.6024728810342539
TG(56:3) ,0.2749693723813799,0.39730790710193853,0.2749693723813794,0.2807887193008769,0.19289501058632386,0.5607156776116476,0.40087279166105244
TG(56:1) ,0.4376615331000378,0.2305549660224046,0.43766153310003836,-0.6174023591030795,0.18360968876139205,0.35886162267298904,0.6372255188885123
TG(56:0) ,0.7863922248922037,0.17056949577681788,0.7863922248922035,-0.2499926160218604,0.04322417527063571,0.1043607890506726,0.7680986343662408
TG(57:6) _RT_15.6,0.2258902418954499,0.10784476191536514,0.22589024189544957,-3.4834086389692644,0.32167763606807065,0.646102529515643,0.9672009439921055
TG(57:5) _RT_15.753,0.17114405512604625,0.13680961887429827,0.1711440551260459,-3.6052161933888756,0.4807853334380334,0.7666381819528904,0.8638833669640584
TG(58:11) ,0.7140680248912774,0.30761261167462933,0.7140680248912765,0.5984650703244787,-0.14879864680296273,0.14626041367524492,0.5119958630564997
TG(57:4) ,0.1832587626239162,0.21145828280553058,0.1832587626239156,-0.3302786541395777,0.31069959019807936,0.7369352501480632,0.6747752989006934
TG(58:10) ,0.9492485023129438,0.09173116421956176,0.9492485023129426,0.6343886642802414,-0.09946874344803902,0.02262007940042462,1.0374830945451357
TG(57:3) _RT_16.065,0.03576072757530359,0.8519292605346276,0.0357607275753035,-0.18786882011190997,0.4637854093876185,1.4465936537820185,0.06959646513342982
TG(58:9) ,0.7603294730253011,0.09039289479636844,0.7603294730253,0.55640654495462,-0.009610617580642078,0.1189981744163582,1.0438657052768745
TG(57:2) _RT_16.559,0.7974210556881415,0.6585288143233632,0.7974210556881416,-0.18700502931959084,-0.07453032549164718,0.09831230109343356,0.18142521747082946
TG(58:8) ,0.4814871313396104,0.28356798755954754,0.4814871313396101,0.41672911112264543,0.22901306987082304,0.3174153157313086,0.547342798915513
TG(57:1) ,0.8866924326568654,0.13795520381554213,0.8866924326568656,-0.28651094753510264,-0.04485906757469227,0.05222699794034784,0.8602619128306842
TG(58:7) ,0.9435193117423902,0.21548346492916287,0.9435193117423886,0.1939681591082021,0.007675758701956248,0.02524920636569108,0.6665860497052681
TG(57:0) ,0.8316134794600297,0.22373712993271191,0.8316134794600292,-0.10609155654848212,0.03334858003366592,0.08007847988931052,0.6502619372856228
TG(58:6) ,0.8534504148070556,0.026496533409742434,0.8534504148070553,0.48808804551676577,0.02904064132519446,0.06882170618515113,1.5768109418934046
TG(58:5) _RT_16.241,0.5300885806956328,0.06956092800602683,0.530088580695633,0.6017809932864104,-0.22244726224931743,0.27565155135608843,1.1576346327474127
TG(58:4) ,0.6199360356714692,0.37758117503168376,0.6199360356714685,0.34412376834797764,0.07457760753199727,0.20765311822431415,0.4229896663434132
TG(58:3) ,0.33963638333610424,0.6045422519139352,0.3396363833361036,-0.2394743143786151,0.18974536954219623,0.4689857924100268,0.21857334057356959
TG(58:2) ,0.4848702288948001,0.9844686331960238,0.4848702288947997,-0.7072565425503492,0.07332326899878572,0.3143744808125737,0.006798116648154593
TG(58:1) ,0.9876642087515864,0.13447346666575236,0.9876642087515864,-0.8702397031355513,-0.048891742958764084,0.0053906840296395996,0.8713633990624712
TG(58:0) ,0.9995726286631678,0.05021144994068992,0.9995726286631674,-0.34641483190985123,-0.007678092539729953,0.00018564468574483133,1.2991972374555916
TG(60:12) ,0.5368144913924706,0.2347567008340156,0.53681449139247,1.0017249653819897,0.16521642840873718,0.2701757688322892,0.6293820024965536
TG(60:11) ,0.8565686333166694,0.11660452250890209,0.856568633316668,0.8110700126620876,-0.08966799150098148,0.06723783307615494,0.9332846051295673
TG(60:10) ,0.7067085263064072,0.08333997652662528,0.7067085263064086,0.5872442542076051,-0.1858768257959258,0.15075966897184034,1.0791466262012577
TG(59:3) ,0.6744865280748298,0.9345562470038513,0.6744865280748296,-0.2802339213144937,0.10436463541916147,0.17102672033039015,0.02939455514306313
TG(60:9) ,0.5351467270044827,0.1218615224084948,0.5351467270044834,0.37758839217099394,-0.18247255460445222,0.27152712640528104,0.9141334005634414
TG(59:2) ,0.8423499210757917,0.22048327901850037,0.8423499210757921,-0.5730347653588284,-0.027730923687115716,0.07450746049177139,0.6566243409142886
TG(60:8) ,0.4829478381176782,0.7562215472021581,0.48294783811767733,-0.028551224376362816,0.18555926274307954,0.3160997736811831,0.12135095234021294
TG(59:1) ,0.9119518479220619,0.030152639319993766,0.911951847922062,-0.6120634060790887,0.03193064178935856,0.04002809230077713,1.5206746672073659
TG(59:0) ,0.6826463476145469,0.09851397351751348,0.6826463476145479,-0.16967009634387814,-0.056706651308928144,0.16580422905191752,1.00650216350104
TG(60:4) ,0.3125833013105206,0.9498036563437537,0.31258330131051987,-0.5884800515071984,0.16609719661854894,0.5050342263884987,0.02236616290007357
TG(60:3) ,0.3588097688107626,0.8355008752696054,0.3588097688107622,-0.9489104148833418,0.18135673212889358,0.4451357415397193,0.0780530908040301
TG(60:2) ,0.8392737135420953,0.3340698219034079,0.8392737135420959,-1.2570812792512935,0.00571835185396985,0.07609637898673152,0.4761627544509974
TG(61:3) ,0.9257687575233573,0.06845959999010885,0.9257687575233576,-0.8180591019910409,0.0286064281479093,0.03349747970373243,1.1645656427762305
TG(62:4) ,0.5790734271879963,0.044809185067442504,0.5790734271879965,-1.1154553541053776,-0.07148202715715729,0.23726636373249418,1.3486329544116868
TG(62:1) ,0.9586359765096429,0.004066599649180587,0.9586359765096428,-1.228862427823319,-0.012210299893096438,0.01834627646416678,2.3907685811508705
